AREA,PERIMETER,NCIDAD_,NCIDAD_ID,NOME
-867922000.000000,3634270.000000,1,0,vazio urbano
172880.800000,1554.635000,2,1,Orizânia
158729.200000,2307.157000,3,2,Bom Jesus de Carangola
845213.500000,6320.947000,4,3,Divino
60858.130000,1150.535000,5,4,Samambaia
117079.100000,1912.072000,6,5,Lacerdinha
133095.800000,1415.162000,7,6,Ponte Alta de Minas
169345.700000,1611.973000,8,7,São Pedro do Glória
2456057.000000,15008.350000,9,8,Carangola
131839.800000,1350.341000,10,9,Bom Jesus do Madeira
661837.100000,4837.216000,11,10,Fervedouro
151695.100000,1964.612000,12,11,Alvorada
248839.300000,2658.559000,13,12,Bicuíba
508356.300000,4534.581000,14,13,São Francisco do Glória
245502.400000,2340.443000,15,14,Faria Lemos
481549.200000,7205.439000,16,225,Ervália
217028.100000,1766.940000,17,15,Pedra Dourada
221403.000000,2609.003000,18,16,Vieiras
186288.100000,1733.890000,19,17,Água Santa
1201231.000000,9842.398000,20,18,Miradouro
718606.100000,4758.694000,21,19,Tombos
632027.300000,4090.789000,22,20,São Geraldo
222626.900000,2226.884000,23,21,Dom Silvério
206041.700000,1853.309000,24,22,Catuné
145939.800000,1560.958000,25,23,Alto Gavião
218945.300000,2403.016000,26,24,Belisário
141449.900000,1993.828000,27,226,Varre-Sai
92086.330000,1435.569000,28,25,Purilândia
233470.100000,2303.235000,29,26,Vilas Boas
1315909.000000,6643.515000,30,27,Porciúncula
146606.700000,1627.580000,31,28,Santo Antônio do Glória
246088.800000,2776.610000,32,29,Rosário da Limeira
85003.250000,1210.128000,33,30,Pinhotiba
42783.580000,851.027200,34,227,Divinésia
30140.590000,1079.614000,35,31,Bom Jesus do Querendo
243134.200000,2557.021000,36,32,Itamurí
3096849.000000,16930.540000,37,33,Visconde do Rio Branco
196273.100000,2147.282000,38,34,Guiricema
237574.100000,2208.602000,39,35,Antônio Prado de Minas
517338.800000,3363.584000,40,36,Natividade
387994.100000,3544.356000,41,37,Ourânia
54677.730000,986.853300,42,38,Miragaia
392714.900000,3522.198000,43,39,Natividade
277583.100000,3079.521000,44,40,São Sebastião da Vargem Grande
72474.420000,1191.325000,45,41,Pirapanema
149320.600000,1549.395000,46,42,Tuiutinga
9232055.000000,51823.310000,47,43,Ubá
792888.800000,5604.599000,48,44,Eugenópolis
249487.900000,2457.414000,49,45,Bela Vista
116869.400000,1832.336000,50,46,Dores da Vitória
712698.000000,4795.260000,51,47,Raposo
135725.100000,1671.479000,52,48,Vermelho
10390940.000000,39290.680000,53,49,Muriaé
139913.600000,1652.458000,54,228,Desterro do Melo
781206.800000,5595.825000,55,50,Guidoval
301564.000000,2838.265000,56,51,Silveirânia
773250.600000,4293.256000,57,52,Patrocínio do Muriaé
1837276.000000,7197.664000,58,53,Tocantins
871387.500000,6437.958000,59,54,Mercês
565620.600000,5466.900000,60,55,Comendador Venâncio
502301.500000,3348.959000,61,56,Retiro do Muriaé
1367007.000000,9400.287000,62,57,Miraí
648385.400000,5952.627000,63,58,Rodeiro
11746740.000000,33642.670000,64,59,Itaperuna
151482.200000,2022.770000,65,60,Diamante de Ubá
211432.300000,2037.022000,66,61,Boa Família
417843.000000,3701.690000,67,62,Laje do Muriaé
61393.280000,960.403300,68,63,Bom Retiro
293874.800000,2609.081000,69,64,Santa Bárbara do Tugúrio
556940.800000,4313.293000,70,229,Santo Eduardo
215732.900000,3003.678000,71,65,Barão de Monte Alto
247230.200000,2365.798000,72,66,Cachoeira Alegre
2068269.000000,9784.096000,73,67,Rio Pomba
47879.950000,841.050100,74,68,Glória
302023.900000,2823.786000,75,69,Bom Jesus da Cachoeira
174535.100000,1795.287000,76,70,Sobral Pinto
700198.800000,4660.008000,77,71,Piraúba
216151.900000,1993.929000,78,72,Santana do Campestre
103713.700000,1471.670000,79,73,Piraúba
142086.800000,1803.260000,80,74,Paiva
166332.700000,1518.176000,81,75,São João da Sapucaia
445507.700000,2630.342000,82,76,Santana de Cataguases
293030.000000,2314.422000,83,230,Correia de Almeida
109626.200000,1495.392000,84,231,Santa Maria
93170.030000,1531.224000,85,77,Cataguarino
1757304.000000,11207.540000,86,78,Astolfo Dutra
325705.800000,3942.600000,87,639,Antônio Carlos
308005.600000,3185.928000,88,79,Silveira Carvalho
142773.100000,1561.807000,89,80,Usina Paraíso
721341.900000,5656.042000,90,81,Dona Euzébia
165217.300000,2130.874000,91,82,Nossa Senhora da Penha
390548.600000,2702.303000,92,83,Sereno
178204.600000,1610.189000,93,84,Itajara
142666.100000,1607.664000,94,85,Oliveira Fortes
321317.800000,2455.044000,95,86,Aracitaba
284212.100000,2642.914000,96,87,Boaventura
459766.600000,2968.938000,97,88,Venda das Flores
196097.900000,1764.086000,98,89,São Manoel do Guaiaçu
340973.900000,3139.656000,99,90,Tabuleiro
624316.900000,4844.866000,100,91,Guarani
395384.300000,3407.116000,101,92,Laranjal
6104558.000000,31848.680000,102,93,Cataguases
142235.300000,1588.742000,103,94,São José de Ubá
768106.400000,4834.938000,104,95,Palma
266817.100000,3528.680000,105,232,Morro do Côco
3769762.000000,15638.850000,106,96,Miracema
220182.300000,2633.961000,107,97,Ibraim
267610.800000,2881.962000,108,98,Itamarati de Minas
85837.340000,1241.549000,109,99,Aracati
98221.280000,1277.413000,110,100,Conceição do Formoso
530883.900000,3703.644000,111,101,São João do Paraíso
1929036.000000,8569.255000,112,102,Italva
187449.100000,1964.390000,113,103,Mantiqueira
2937086.000000,19802.060000,114,104,Santos Dumont
165232.500000,1626.833000,115,105,Paraíso do Tobias
149748.600000,1607.830000,116,106,Santos Dumont
352483.800000,2322.430000,117,107,Cisneiros
253469.600000,2036.633000,118,108,Vista Alegre
485883.200000,3017.280000,119,109,Descoberto
108396.700000,1295.595000,120,110,Ribeiro Junqueira
1089100.000000,4481.812000,121,111,Rio Novo
204929.800000,1634.947000,122,112,Itapiruçu
107937.800000,1210.259000,123,113,São João da Serra
267405.300000,2755.534000,124,114,Monte Alegre
460254.400000,3412.761000,125,115,Piacatuba
129297.300000,1512.765000,126,116,Angaturama
190059.700000,2804.850000,127,117,Monte Verde
452799.200000,5892.278000,128,118,Piau
97268.470000,1429.970000,129,119,São Joaquim
79860.810000,1047.781000,130,120,Paraoquena
39779.060000,817.831600,131,121,Cardoso Moreira
731815.100000,6440.585000,132,122,Cardoso Moreira
147354.300000,1766.046000,133,636,Dores do Paraibuna
399898.100000,2358.346000,134,123,Ibitiguaçu
3693181.000000,13050.070000,135,124,Leopoldina
367148.200000,5890.707000,136,233,Conselheiro Josino
215258.000000,2132.488000,137,401,Paraíso Garcia
3044943.000000,9167.153000,138,125,São João Nepomuceno
438523.300000,4477.293000,139,126,Recreio
383610.700000,2431.453000,140,127,Goianá
3266174.000000,14130.410000,141,128,Santo Antônio de Pádua
237498.900000,2907.321000,142,402,Ewbank da Câmara
211004.800000,1981.262000,143,129,Ituí
367097.600000,3627.699000,144,130,Caiçara
523337.200000,2783.215000,145,131,Conceição da Boa Vista
373843.200000,2740.225000,146,403,Santa Rita do Ibitipoca
211026.800000,1838.144000,147,132,Santa Cruz
155426.400000,1616.641000,148,133,Roça Grande
458657.200000,3986.954000,149,134,Tebas
120348.900000,1716.218000,150,135,Coronel Pacheco
1417250.000000,7253.423000,151,136,Cambuci
65890.280000,1319.714000,152,137,Coronel Pacheco
380819.700000,2373.391000,153,138,Baltazar
111807.400000,1385.275000,154,139,Abaíba
93241.610000,1170.108000,155,404,Bias Fortes
163512.400000,1468.109000,156,140,Marangatu
145221.500000,1624.171000,157,405,Campolide
161578.700000,1573.960000,158,141,Taruaçu
68698.270000,1180.643000,159,142,Carlos Alves
1474127.000000,5964.771000,160,143,Pureza
308862.400000,2329.343000,161,144,Argirita
250592.600000,2883.736000,162,145,Rochedo de Minas
1577519.000000,5792.080000,163,146,Portela
639185.900000,5831.761000,164,147,Funil
653978.400000,7671.618000,165,234,Travessão
882648.000000,5944.641000,166,148,Aperibé
30761.420000,1234.703000,167,149,Três Irmãos
213307.400000,2584.688000,168,150,Funil
513219.500000,5016.997000,169,151,Cibrazem
2756946.000000,8484.043000,170,152,Atafona
1386994.000000,6928.711000,171,153,Ipuca
769318.400000,5312.535000,172,154,Santa Cruz de Ibitinema
1789571.000000,6355.426000,173,155,São João da Barra
2075953.000000,6993.038000,174,156,São Fidélis
577489.400000,3784.567000,175,157,Pirapetinga
270915.100000,2492.550000,176,158,Providência
514166.100000,4718.932000,177,406,Chácara
108488.200000,1334.317000,178,159,São Pedro de Alcântara
1492951.000000,11988.910000,179,160,Itaocara
248921.900000,2742.493000,180,161,São Domingos
95195.410000,1568.569000,181,162,Água Viva
71205.830000,1155.543000,182,163,Colônia
106428.500000,1216.876000,183,407,Maripá de Minas
167149.700000,1778.995000,184,164,Caiapó
55513.410000,964.390300,185,408,Pedro Teixeira
401062.800000,2638.579000,186,409,Rosário de Minas
205996.100000,1933.283000,187,637,Conceição do Ibitipoca
2366224.000000,12142.840000,188,410,Bicas
31107820.000000,62294.090000,189,411,Juiz de Fora
162808.300000,1508.843000,190,165,Jaguarembé de Cima
82512.730000,1105.867000,191,166,Trimonte
287441.700000,3032.741000,192,167,Coronel Teixeira
662353.000000,5946.500000,193,412,Guarará
81423.310000,1139.604000,194,168,Cambiasca
35269900.000000,54173.530000,195,169,Campos dos Goytacazes
109999.400000,1505.665000,196,170,Valão Quente
663293.300000,3425.381000,197,413,Floresta
176603.400000,1718.922000,198,171,Estrela Dalva
243115.000000,2439.211000,199,172,Angustura
557132.900000,4870.398000,200,173,Barcelos
164346.100000,1525.240000,201,174,Santo Antônio do Aventureiro
238112.100000,1928.964000,202,175,São Sebastião do Paraíba
852672.100000,4363.776000,203,414,Retiro
441215.300000,3883.369000,204,176,Laranjais
819394.000000,3938.998000,205,177,Volta Grande
285164.400000,2446.826000,206,415,São José dos Lopes
522397.500000,3879.797000,207,178,Ipituna
317863.400000,2510.092000,208,417,Nova Califórnia
198766.900000,1988.400000,209,418,Senador Cortes
148693.200000,1884.205000,210,419,Salvaterra de Cima
225144.300000,2150.116000,211,420,Engenho Novo
54568.250000,993.297000,212,421,São Domingos da Bocaina
118036.300000,1670.092000,213,422,Vale do Sol
72998.190000,1315.917000,214,423,Salvaterra de Cima
172827.800000,1629.111000,215,179,Estrada Nova
1919796.000000,8472.930000,216,180,Parque Bela Vista
104593.500000,1509.129000,217,424,Sarandira
219327.300000,2008.478000,218,181,Porto Velho do Cunha
216156.200000,2160.328000,219,425,Lima Duarte
640490.800000,4878.806000,220,426,Pequeri
103727.400000,1787.296000,221,182,Valão do Barro
522261.800000,4371.678000,222,427,Lima Duarte
1260108.000000,8126.818000,223,183,José Gonçalves
173421.200000,1581.729000,224,428,Olaria
2114896.000000,7894.932000,225,184,Goitacazes
320695.300000,2905.010000,226,429,Torreões
1481363.000000,9900.547000,227,430,Mar de Espanha
241482.000000,2425.766000,228,185,Boa Sorte
5342580.000000,29633.500000,229,433,Além Paraíba
506945.900000,4676.370000,230,432,Matias Barbosa
240750.600000,1938.105000,231,186,Córrego da Prata
357462.900000,2312.597000,232,187,Santa Rita da Floresta
619525.100000,4901.843000,233,434,Jamapará
798395.200000,5866.938000,234,188,Euclidelândia
2578709.000000,9611.896000,235,189,Carmo
56057.860000,910.817400,236,435,Saudade
774607.900000,3865.282000,237,436,Bom Jardim de Minas
139576.800000,1575.467000,238,437,Belmiro Braga
84081.360000,1317.606000,239,438,Santana do Deserto
124921.700000,1356.481000,240,439,Santa Bárbara do Monte Verde
219477.400000,1989.396000,241,440,Simão Pereira
621720.200000,5135.040000,242,190,Santa Maria Madalena
116014.100000,1563.604000,243,191,São Sebastião do Alto
104559.600000,1321.881000,244,441,Tabuão
409863.500000,4836.867000,245,192,Cantagalo
573891.600000,4161.976000,246,193,Macuco
386280.700000,5077.323000,247,442,Sapucaia
159710.200000,1518.716000,248,443,Chiador
47364.190000,1019.456000,249,194,Bela Joana
138985.700000,2004.038000,250,444,Bairro São João
309551.300000,2419.140000,251,445,Afonso Arinos
348266.100000,2816.202000,252,195,Bairro Jardim de Alá
724277.600000,5389.204000,253,446,Comendador Levy Gasparian
174985.500000,1584.480000,254,638,Três Ilhas
1811092.000000,13375.250000,255,196,Cordeiro
323114.600000,2494.179000,256,197,Nossa Senhora Aparecida
226260.100000,2757.781000,257,447,Anta
67116.360000,968.815400,258,448,Itaboca
432466.300000,3007.099000,259,449,Anta
56634.560000,894.085400,260,235,Doutor Loretti
158506.400000,1783.006000,261,198,Sumidouro
676726.200000,4870.686000,262,199,Duas Barras
102863.700000,1456.769000,263,450,Penha Longa
328870.600000,2878.232000,264,200,Duas Barras
73474.550000,1105.956000,265,451,São Sebastião do Barreado
990208.600000,8699.845000,266,452,Rio Preto
482203.600000,2884.516000,267,453,Porto das Flores
225527.900000,2343.271000,268,632,Manuel Duarte
70332.280000,1441.741000,269,454,Sítio Santa Maria
101339.400000,1583.684000,270,201,Trajano de Morais
102178.000000,1470.219000,271,202,Visconde de Imbé
451644.000000,5200.896000,272,455,Parapeúna
9739543.000000,37277.450000,273,456,Três Rios
258315.200000,3055.437000,274,203,Monerá
214482.700000,2653.985000,275,458,Três Rios
228338.700000,2028.506000,276,460,Bemposta
181263.000000,2054.343000,277,461,Santa Rita de Jacutinga
319660.000000,3099.323000,278,462,Fazenda das Palmas
418001.300000,4287.938000,279,463,Paraíba do Sul
344336.500000,2741.714000,280,464,Pentagna
663514.200000,3376.348000,281,465,São José do Rio Preto
241390.700000,2379.931000,282,466,Bocaina de Minas
216511.700000,2483.006000,283,204,Bom Jardim
396649.800000,4879.821000,284,467,Paraíba do Sul
327615.700000,3802.699000,285,468,Rio das Flores
82869.590000,1444.914000,286,205,Bairro São Januário
258904.100000,2280.115000,287,469,Rapa Queijo
95271.880000,1474.614000,288,206,Fábrica Busi
505698.800000,3142.698000,289,470,Salutaris
471141.300000,2935.360000,290,207,Banquete
188173.500000,2156.458000,291,471,Engenheiro Paulo Sampaio
166243.400000,1637.936000,292,472,Abarracamento
228038.100000,1841.901000,293,473,Passa-Vinte
231747.600000,3032.511000,294,474,Taboas
600043.700000,5397.487000,295,208,Riograndina
321783.300000,2606.654000,296,633,Cambota
124507.300000,1372.588000,297,209,Doutor Elias
365038.900000,2924.411000,298,475,Werneck
60917.190000,1378.755000,299,210,São José do Ribeirão
244174.500000,2349.264000,300,634,Biquinha
5426387.000000,17492.210000,301,476,Valença
156281.900000,1668.717000,302,211,Riograndina
275885.500000,2517.364000,303,477,Santa Isabel do Rio Preto
599292.800000,6015.397000,304,478,Areal
3685385.000000,19518.060000,305,212,Conselheiro Paulino
689566.800000,3912.531000,306,479,Andrade Pinto
9973711.000000,51233.250000,307,213,Nova Friburgo
98245.720000,1351.205000,308,480,Mirantão
154036.100000,2055.816000,309,214,Barra Alegre
206196.500000,1809.757000,310,481,Inconfidência
436355.100000,2983.645000,311,482,Posse
332183.800000,2880.124000,312,215,Amparo
647856.900000,5371.850000,313,216,Bairro Paraíso
101206.700000,1506.084000,314,217,Granja Santa Fé
451400.200000,3044.069000,315,218,Campo do Coelho
339030.300000,2976.031000,316,483,Bom Sucesso
299284.200000,2428.750000,317,484,Falcão
353954.600000,2662.754000,318,485,Conservatória
494292.600000,4854.803000,319,219,Nova Suíça
128038.900000,1459.740000,320,486,Sebastião de Lacerda
230614.200000,1923.100000,321,487,Fumaça
328243.900000,2579.922000,322,488,Ribeirão de São Joaquim
283055.000000,2498.114000,323,220,Bairro Cartacione
215190.400000,2191.311000,324,221,Varginha
328017.300000,2943.730000,325,489,Cruzeiro
265635.800000,2135.291000,326,490,Paquequer Pequeno
394568.500000,4116.475000,327,222,Morro do Mosa
161799.400000,1811.430000,328,223,Morro do Mosa
357081.100000,2560.352000,329,491,Avelar
368330.800000,2855.587000,330,236,São Pedro
393710.600000,3822.896000,331,492,Secretário
101238.000000,1220.630000,332,493,Pedra Selada
803628.100000,5533.090000,333,499,Barão de Juparaná
177567.500000,2229.651000,334,496,Pedro do Rio
440303.900000,5046.287000,335,497,Secretário
166095.000000,1754.479000,336,498,Taboão
62612.050000,1089.662000,337,500,Fazenda do Paquequer
2969839.000000,23220.860000,338,627,Itaipava
145358.200000,1793.470000,339,501,Pedra Negra
1893272.000000,12318.650000,340,502,Sítio do Ingá
199315.800000,1819.089000,341,503,São José do Turvo
1162504.000000,12035.340000,342,504,Cuiabá
818824.600000,7366.813000,343,505,Ipiabas
183634.500000,1693.602000,344,506,Sítio do Ingá
195939.900000,2433.160000,345,508,Jardim Salaco
228561.200000,2236.159000,346,507,Nossa Senhora do Amparo
934449.300000,8159.206000,347,509,Bairro do Albuquerque
786231.800000,5448.068000,348,510,Cantagalo
490664.700000,4023.683000,349,511,Bairro Posse
186617.800000,4020.061000,350,512,Itaipava
469551.400000,4252.096000,351,513,Cuiabá
304845.100000,3075.542000,352,514,Bairro do Albuquerque
16982510.000000,76070.430000,353,515,Teresópolis
244027.800000,5216.487000,354,516,Manga Larga
4473980.000000,14877.150000,355,517,Vassouras
783057.800000,6524.344000,356,518,Benfica
75631.110000,1931.178000,357,519,Manga Larga
2054946.000000,9291.394000,358,520,Quatis
283201.400000,3459.879000,359,521,Benfica
94921.880000,1445.382000,360,522,Araras
1322020.000000,10165.370000,361,523,Boa Esperança
902565.400000,6200.612000,362,524,Porto Real
1578801.000000,14875.150000,363,628,Nogueira
431186.500000,2903.466000,364,525,Araras
316592.900000,4645.486000,365,526,Nogueira
85327.500000,1596.635000,366,527,Araras
40797.720000,1030.019000,367,528,Araras
810680.500000,6125.982000,368,530,Paty do Alferes
160043.000000,1581.100000,369,531,São Sebastião dos Ferreiros
335747.200000,5815.894000,370,532,Araras
202493.800000,2672.401000,371,533,Nogueira
157262.500000,2292.181000,372,534,Araras
540978.500000,3955.058000,373,535,Santa Catarina
2464811.000000,9303.044000,374,536,Porto Real
51874.060000,1535.936000,375,537,Araras
742242.900000,9215.049000,376,538,Vale do Bom Sucesso
284507.000000,2721.645000,377,0,vazio urbano
1846649.000000,14723.830000,378,629,Correias
66007.440000,1293.743000,379,539,Araras
6112315.000000,20182.380000,380,640,Agulhas Negras
547038.600000,4745.435000,381,541,Loteamento Praça da Ponte
179374.400000,1888.620000,382,542,Monte Alegre
96644.090000,1306.397000,383,0,vazio urbano
1108545.000000,6071.841000,384,544,Agulhas Negras
67075.380000,1432.720000,385,545,Correias
2549780.000000,15280.590000,386,546,Miguel Pereira
2609862.000000,15309.110000,387,547,Barra do Piraí
81990.470000,1137.275000,388,548,Correias
40247.580000,1107.396000,389,0,vazio urbano
10924840.000000,22374.410000,390,540,Resende
185336.000000,1740.876000,391,550,Fazenda da Barra
4088648.000000,31484.820000,392,630,Cascatinha
706885.000000,4366.491000,393,551,Santa Rita
232008.400000,4119.617000,394,552,Fazenda Inglesa
632750.300000,4143.438000,395,553,Penedo
231987.000000,1867.018000,396,554,Dorândia
42344480.000000,108546.300000,397,555,Volta Redonda
609393.400000,4138.269000,398,557,Itatiaia
605683.300000,5067.752000,399,556,Barão de Javari
35862.470000,976.553500,400,559,Bonfim
490031.300000,3351.939000,401,560,Barra do Piraí
51559.950000,1304.290000,402,561,Fazenda Inglesa
3100095.000000,10430.790000,403,562,Itatiaia
21239650.000000,198809.500000,404,563,Petrópolis
564945.500000,5231.851000,405,564,Governador Portela
181658.400000,3731.588000,406,631,Cascatinha
139619.300000,1808.520000,407,565,Rocio
57136.480000,997.636700,408,566,Rocio
79515.610000,1130.309000,409,567,Volta Redonda
270478.100000,2580.723000,410,568,Sacra Família do Tinguá
508170.700000,4361.589000,411,569,Engenheiro Passos
135149.300000,1573.482000,412,0,vazio urbano
64681.950000,1716.907000,413,0,vazio urbano
3452692.000000,13930.580000,414,572,Pinheiral
71469.050000,1504.342000,415,0,vazio urbano
1190177.000000,6190.074000,416,574,Nhangapi
866306.600000,5752.905000,417,575,Vargem Alegre
2053163.000000,9934.282000,418,0,vazio urbano
192762.400000,2864.420000,419,577,Fábrica Dupont
185600.100000,2746.706000,420,578,Cascatinha
17493860.000000,85133.460000,421,635,Barra Mansa
847849.900000,6259.942000,422,579,Ponte Vermelha
47043.970000,932.592000,423,0,vazio urbano
1146616.000000,7623.540000,424,0,vazio urbano
84149.280000,1719.333000,425,0,vazio urbano
56489.580000,1121.454000,426,0,vazio urbano
242718.700000,3092.272000,427,0,vazio urbano
117216.500000,1512.262000,428,0,vazio urbano
1040507.000000,7247.960000,429,586,Santana de Barra
45109.950000,900.000400,430,0,vazio urbano
142001.500000,2194.694000,431,0,vazio urbano
2472746.000000,18588.920000,432,0,vazio urbano
166809.800000,1779.393000,433,0,vazio urbano
148243.500000,1717.811000,434,0,vazio urbano
56896.470000,954.397100,435,0,vazio urbano
850835.000000,6067.436000,436,593,Santanésia
74079.160000,1488.128000,437,0,vazio urbano
119785.600000,1553.963000,438,0,vazio urbano
34721.410000,802.948200,439,0,vazio urbano
47548.250000,899.541000,440,0,vazio urbano
663272.100000,7389.956000,441,598,Mendes
125588.300000,2086.380000,442,0,vazio urbano
384392.400000,2977.635000,443,0,vazio urbano
253360.200000,2865.429000,444,601,Mendes
829617.400000,4902.240000,445,0,vazio urbano
171405.800000,2990.461000,446,0,vazio urbano
658088.800000,6148.227000,447,801,Queluz
321142.600000,2579.906000,448,802,Pinheiros
92056.090000,1785.447000,449,0,vazio urbano
553096.000000,3091.065000,450,0,vazio urbano
82520.200000,1714.050000,451,0,vazio urbano
221809.000000,3381.243000,452,0,vazio urbano
51422.860000,1136.284000,453,0,vazio urbano
75314.560000,1325.874000,454,0,vazio urbano
72030.520000,1418.960000,455,0,vazio urbano
128024.400000,1839.945000,456,612,Petrópolis
117048.800000,1686.036000,457,613,Petrópolis
279707.300000,2271.034000,458,614,Engenheiro Paulo de Frontin
10199430.000000,26291.280000,459,803,Cruzeiro
786414.300000,7255.419000,460,615,Petrópolis
132937.700000,2155.902000,461,804,Lavrinhas
94068.220000,1277.502000,462,805,Areias
374525.900000,2547.571000,463,616,Rialto
2093665.000000,11165.040000,464,806,Piquete
399738.800000,3586.813000,465,617,Arrozal
206133.300000,2854.609000,466,807,Fábrica Presidente Vargas
2220454.000000,11027.880000,467,618,Piraí
400593.000000,2889.553000,468,808,São José do Barreiro
4466649.000000,14218.230000,469,809,Cachoeira Paulista
382759.200000,2868.817000,470,619,Getulândia
145905.200000,1829.951000,471,810,Silveiras
303167.900000,2242.335000,472,620,Arapeí
376805.700000,3294.362000,473,621,Bananal
283572.500000,2539.532000,474,622,Passa Tres
394117.000000,2966.290000,475,811,Canas
14909740.000000,26587.770000,476,812,Lorena
178039.900000,1943.674000,477,623,Monumento
602294.200000,3766.184000,478,624,Rio Claro
27400280.000000,50225.710000,479,813,Guaratinguetá
3146114.000000,12700.820000,480,814,Aparecida
1822552.000000,6036.368000,481,815,Potim
342820.600000,2688.624000,482,625,Lídice
1192727.000000,8275.210000,483,816,Aparecida
684912.800000,4442.420000,484,817,Bairro São Geraldo
483457.500000,3340.477000,485,818,Bairro Itaguaçu
1855308.000000,8428.078000,486,819,Moreira César
2260059.000000,6876.485000,487,820,Moreira César
151461.600000,1955.960000,488,821,Bairro da Roseira Velha
701231.900000,3507.690000,489,822,Roseira
1671498.000000,9230.167000,490,823,Moreira César
14115790.000000,40052.910000,491,824,Pindamonhangaba
129153.800000,1832.652000,492,825,São Francisco Xavier
231810.700000,2212.106000,493,826,Campos de Cunha
415508.800000,2831.693000,494,827,Bairro do Buriti
485770.000000,3379.195000,495,828,Fazenda Mombaça
777811.300000,6417.734000,496,965,Bairro de Santa Cecília
2572832.000000,11238.590000,497,831,Bairro do Ipiranga
621166.300000,4155.020000,498,832,Bairro do Buriti
125836.100000,1649.919000,499,833,Monteiro Lobato
45971840.000000,83491.030000,500,834,Taubaté
1245488.000000,5634.384000,501,835,Bairro do Poço Grande
791058.100000,4830.845000,502,836,Pindamonhangaba
872364.100000,3949.429000,503,837,Pindamonhangaba
393054.100000,2498.517000,504,838,Paraitinga
764706.400000,4349.642000,505,0,vazio urbano
444224.800000,2978.044000,506,840,Fábrica Mecânica Pesada
3406359.000000,13784.240000,507,841,Quiririm
100744.500000,1519.101000,508,0,vazio urbano
3551572.000000,10195.730000,509,843,Quiririm
2562777.000000,9245.371000,510,844,Posto Agropecuário
23512.220000,562.236100,511,0,vazio urbano
1435810.000000,7492.160000,512,846,Quiririm
487584.200000,3229.442000,513,847,Quiririm
517411.500000,3392.267000,514,0,vazio urbano
248181.300000,2532.190000,515,849,Campo Grande
491432.700000,3100.672000,516,850,Bairro do Menino Jesus
507858.900000,2723.225000,517,851,Cunha
297912.400000,3497.049000,518,852,Lagoinha
745806.600000,4326.676000,519,853,Colônia da Fazenda Barreiro
5258303.000000,16810.430000,520,854,Caçapava
878191.300000,5827.240000,521,855,Colônia da Fazenda Barreiro
311173.800000,2271.546000,522,856,Bairro Ponte do Costinha
616437.100000,3502.535000,523,857,Caçapava
1516541.000000,7912.408000,524,858,Caçapava Velha
247005.100000,1996.240000,525,859,Buquirinha
374081.100000,3046.011000,526,860,Buquirinha
966306.300000,5533.247000,527,863,Fazenda Santa Luzia
286888.300000,2510.676000,528,864,Fazenda Santa Luzia
284573.600000,3697.733000,529,0,vazio urbano
4425742.000000,14892.110000,530,866,Eugênio de Melo
88214780.000000,161433.900000,531,869,São José dos Campos
1878921.000000,7202.322000,532,868,Caçapava
11731990.000000,34600.890000,533,871,Bom Retiro
103681.000000,1259.229000,534,0,vazio urbano
2376029.000000,12453.600000,535,873,Piedade
4449434.000000,16027.700000,536,874,Cajuru
501979.800000,4243.856000,537,875,Andrade
743530.000000,5326.347000,538,876,Igaratá
338102.400000,2765.824000,539,877,São Luís do Paraitinga
688232.700000,3819.573000,540,878,Alambari
259671.100000,2669.515000,541,879,Chácaras Mont Clair
32494.730000,872.933800,542,0,vazio urbano
161049.000000,1816.367000,543,881,Catuçaba
12395.140000,516.218500,544,0,vazio urbano
560619.400000,5046.696000,545,883,Bairro Pernambucano
87227.390000,1364.441000,546,0,vazio urbano
186430.100000,2008.819000,547,885,Jambeiro
31997.380000,658.411700,548,0,vazio urbano
285332.500000,2256.406000,549,887,Chácaras Mont Clair
553751.600000,3864.769000,550,888,Bairro Pernambucano
557770.100000,3120.729000,551,889,Jacareí
851403.900000,4822.392000,552,890,Parque Meia Lua
26846850.000000,69605.660000,553,891,Jacareí
126510.800000,1572.894000,554,892,Bairro Pedra Branca
687050.400000,5654.566000,555,893,Fazenda Jacareí
1376721.000000,6470.946000,556,894,Bairro Pernambucano
350050.500000,3770.679000,557,895,Redenção da Serra
581628.900000,5521.155000,558,896,Bairro Ouro Fino
573197.600000,3883.552000,559,897,Bairro Santana
201606.000000,3291.899000,560,898,Bairro Pernambucano
941686.700000,7244.468000,561,899,Chácaras Eldorado
120410.300000,1705.344000,562,900,Montenegro
4631236.000000,21181.970000,563,901,Esperança
72522.790000,1451.235000,564,902,Esperança
273200.200000,3797.197000,565,903,Montenegro
345410.600000,4060.188000,566,904,Montenegro
4444456.000000,28238.380000,567,905,Santa Isabel
146524.900000,2453.148000,568,906,Vargem Grande
130511.100000,2018.361000,569,907,Vargem Grande
967554.600000,5174.191000,570,908,Jardim das Acácias
890605.700000,5146.541000,571,909,Bairro Jardim Parateí
79594.380000,1211.933000,572,910,Vargem Grande
216537.800000,1985.268000,573,911,Esperança
142307.800000,2162.343000,574,912,Vargem Grande
1137972.000000,4871.079000,575,913,Bairro Jardim Trinta e Três
171985.800000,1708.376000,576,0,vazio urbano
155285.300000,1797.044000,577,915,Bairro Jardim Parateí
228216.700000,2277.990000,578,916,Vasconcelândia
182955.000000,1915.021000,579,917,Chácaras Guanabara
342344.300000,3013.763000,580,919,Chácaras Guanabara
156317.200000,2080.069000,581,920,Jardim das Acácias
1212027.000000,4641.726000,582,921,Chácaras Guanabara
600427.500000,4365.568000,583,922,Loteamento Astro Verde
1471458.000000,8825.156000,584,923,Chácaras Boa Vista
596091.800000,3074.812000,585,924,Chácaras Guanabara
1259274.000000,9486.766000,586,925,Itapema
234259.300000,3046.708000,587,926,Bairro Tevó
325450.800000,3151.535000,588,927,Morro Grande
82602.670000,1159.639000,589,928,Bairro Tevó
618761.400000,4572.247000,590,929,Natividade da Serra
514971.700000,7044.562000,591,930,Arujá
689884.800000,4669.762000,592,932,Paraibuna
1275335.000000,10477.860000,593,933,Estância Pacaembu
2141613.000000,7437.471000,594,934,Arujá
374711.600000,3860.436000,595,935,Arujá
1060812.000000,7615.749000,596,936,Arujá
816196.800000,6211.954000,597,938,Estância Pacaembu
183954.900000,2266.266000,598,941,Sítio Boa Esperança
201183.300000,2980.342000,599,943,Sítio Boa Esperança
1543788.000000,7934.068000,600,940,Santa Branca
518163.400000,5566.636000,601,945,Arujá
4236710.000000,23488.000000,602,946,Guararema
891972.900000,4321.753000,603,947,Bairro da Cachoeira
168598.900000,1695.926000,604,948,Pavão
942468.600000,7813.275000,605,949,Arujá
579339.500000,5721.388000,606,966,Fazenda Morro Verde
155561.700000,1888.810000,607,951,Barroca
311348.400000,2398.541000,608,952,Bairro do Jacaré
582313.800000,5906.046000,609,953,São Bento
608367.300000,5502.446000,610,950,Fazenda Morro Verde
1260283.000000,9088.420000,611,954,Fazenda Morro Verde
3738411.000000,18260.530000,612,955,Bairro Jardim Marcelo
97052.480000,1183.919000,613,956,Bairro Alto
2879568.000000,16493.430000,614,957,Vila Suiça
469883.500000,4897.354000,615,958,Sabaúna
77203.200000,1426.915000,616,959,Botojuru
11641540.000000,21835.260000,617,961,Mogi das Cruzes
213540.500000,2950.515000,618,962,Salesópolis
5585309.000000,12860.630000,619,963,Brás Cubas
241167.900000,2808.754000,620,964,Mogi das Cruzes
